Cromosoma	Posici√≥n	ID	Ref	Alt	Gen
1	3321134	rs3795261	G	A	PRDM16
1	3326231	rs2493297	G	A	PRDM16
1	3328659	rs2493292	C	T	PRDM16
1	3329384	rs2493291	C	T	PRDM16
1	45205598	rs3820586	T	C	KIF2C
1	45218895	rs3795713	A	T	KIF2C
1	45224998	rs4342887	A	C	KIF2C
1	45226084	rs1140279	G	A	KIF2C
1	109734541	rs645128	C	T	KIAA1324
1	109735504	rs659659	T	C	KIAA1324
1	109737314	rs2359242	T	C	KIAA1324
1	109737320	rs2359241	G	A	KIAA1324
1	109740548	rs2296696	G	T	KIAA1324
1	150804429	rs10305704	A	C	ARNT
1	150808889	rs2228099	C	G	ARNT
1	201010862	rs6675915	T	C	CACNA1S
1	201013336	rs2297906	T	C	CACNA1S
1	203147610	rs903357	G	A	CHI3L1
1	203153555	rs12128727	C	T	CHI3L1
1	203153634	rs2071579	C	G	CHI3L1
1	204506107	rs4245738	C	T	MDM4
1	204512100	rs4252717	T	C	MDM4
1	204512195	rs4252718	A	T	MDM4
1	204515863	rs2290855	C	T	MDM4
1	204516025	rs2290854	A	G	MDM4
1	242048674	rs9350	C	T	EXO1
1	242052685	rs4150020	C	G	EXO1
2	10718007	rs7570118	G	T	NOL10
2	10729897	rs759403	C	T	NOL10
2	10741141	rs10181806	A	G	NOL10
2	10743153	rs2287061	C	T	NOL10
2	10743191	rs2287062	G	A	NOL10
2	10747207	rs6759714	A	G	NOL10
2	10747246	rs6744854	C	G	NOL10
2	10747271	rs6759740	A	G	NOL10
2	128431397	rs7591197	A	G	LIMS2
2	128431494	rs7591310	A	G	LIMS2
2	212589986	rs35778743	T	C	ERBB4
2	212615516	rs6757068	T	C	ERBB4
2	216287097	rs13394972	A	G	FN1
2	216288795	rs11693652	G	A	FN1
2	216295337	rs7586990	A	G	FN1
2	216296860	rs7567647	G	A	FN1
2	216298084	rs2289202	G	A	FN1
2	225346646	rs2070127	T	C	CUL3
2	225365056	rs3768889	A	G	CUL3
2	225368321	rs3738951	A	G	CUL3
2	225370554	rs1027340	C	A	CUL3
2	225376034	rs11686067	G	A	CUL3
2	233599904	rs11555646	A	C	GIGYF2
2	233612557	rs3817311	C	T	GIGYF2
4	9889069	rs6836878	C	T	SLC2A9
4	9909923	rs2280205	G	A	SLC2A9
4	38924275	rs12509328	C	T	FAM114A1
4	38924330	rs10000037	G	A	FAM114A1
4	38924358	rs12498685	A	G	FAM114A1
4	74302151	rs3796677	A	T	AFP
4	74310844	rs2298839	A	G	AFP
4	187201211	rs5974	A	G	F11
4	187205301	rs5970	T	C	F11
5	96252079	rs2927609	G	A	ERAP2
5	96252589	rs2910686	T	C	ERAP2
5	96252803	rs1363907	G	A	ERAP2
5	96253104	rs1363908	T	C	ERAP2
5	96320586	rs9314181	T	C	LNPEP
5	96321887	rs38032	T	C	LNPEP
5	96322419	rs38034	C	T	LNPEP
5	101726648	rs6874612	C	A	SLCO6A1
5	101726851	rs1452065	A	G	SLCO6A1
5	101755430	rs1542296	T	C	SLCO6A1
5	101795490	rs11746217	A	G	SLCO6A1
5	101811346	rs4703232	T	C	SLCO6A1
5	101813238	rs10041525	T	C	SLCO6A1
5	127622983	rs2042327	C	T	FBN2
5	127640861	rs27855	A	G	FBN2
6	32605418	rs9272443	G	A	HLA-DQA1
6	32605419	rs9272444	G	C	HLA-DQA1
6	56374754	rs9296849	C	A	DST
6	56381912	rs4715626	G	A	DST
6	56395051	rs6939305	C	A	DST
6	56818846	rs71564870	G	C	DST
6	169621787	rs6605532	G	A	THBS2
6	169622263	rs6605530	G	A	THBS2
7	2257467	rs1639914	A	G	MAD1L1
7	2260715	rs1639917	G	T	MAD1L1
7	2269552	rs1637728	G	T	MAD1L1
7	6449496	rs2303361	T	C	DAGLB
7	6461534	rs2288153	C	T	DAGLB
7	6476237	rs3750038	C	T	DAGLB
7	20406542	rs34556056	A	C	ITGB8
7	20420170	rs10215885	G	A	ITGB8
7	20421490	rs2230398	T	C	ITGB8
7	50143716	rs1870029	G	A	C7orf72
7	50175654	rs12718244	G	A	C7orf72
7	50179609	rs1993445	C	T	C7orf72
7	50180972	rs1456908	C	T	C7orf72
7	91671853	rs926192	C	A	AKAP9
7	91691946	rs7781066	G	T	AKAP9
7	97780558	rs2272184	C	A	LMTK2
7	97788764	rs10499944	C	T	LMTK2
7	97788809	rs17169406	T	C	LMTK2
7	128767490	rs7809681	T	C	LOC407835
7	128767506	rs7809687	T	G	LOC407835
10	43615505	rs2472737	G	A	RET
10	43620551	rs2742236	G	A	RET
10	81053475	rs1250560	G	A	ZMIZ1
10	81058027	rs1250552	A	G	ZMIZ1
10	97366834	rs496426	A	G	ALDH18A1
10	97369939	rs10882640	C	T	ALDH18A1
10	97371317	rs11188399	A	G	ALDH18A1
10	97412921	rs9787589	T	G	ALDH18A1
10	104851285	rs10883830	G	A	NT5C2
10	104851396	rs11191553	G	T	NT5C2
10	104855670	rs1926029	G	A	NT5C2
11	64360705	rs10897518	C	T	SLC22A12
11	64361384	rs2021860	G	T	SLC22A12
11	64387932	rs2277311	G	A	NRXN2
11	64418259	rs555456	T	C	NRXN2
11	113281776	rs2734841	A	C	DRD2
11	113285916	rs12363125	C	T	DRD2
11	113294976	rs11608185	T	C	DRD2
11	113294998	rs12808482	T	A	DRD2
11	113295909	rs1076563	A	C	DRD2
12	991009	rs7953912	C	T	WNK1
12	1003837	rs2301880	C	T	WNK1
12	52939994	rs11170171	T	C	KRT71
12	52944060	rs10747643	T	C	KRT71
12	52964402	rs608690	C	A	KRT74
12	52964718	rs597048	G	A	KRT74
12	52965877	rs11170175	T	G	KRT74
12	52966512	rs687127	C	A	KRT74
13	110819362	rs1213026	A	G	COL4A1
13	110819586	rs589985	G	A	COL4A1
13	110845314	rs685884	G	A	COL4A1
13	110859743	rs598893	C	T	COL4A1
13	113833499	rs486407	G	A	PCID2
13	113845059	rs556990	T	C	PCID2
15	89804043	rs17803620	C	T	FANCI
15	89804111	rs16942918	G	A	FANCI
15	89826496	rs9806604	C	T	FANCI
15	89836228	rs2283432	G	C	FANCI
15	89844688	rs2159081	A	C	FANCI
15	89844860	rs12592110	G	A	FANCI
15	89857698	rs16943011	T	G	FANCI
15	89860786	rs2307438	A	C	POLG
15	89862366	rs2246900	T	C	POLG
15	89863928	rs2307449	T	G	POLG
15	89866954	rs2072266	A	G	POLG
15	89876236	rs2283430	C	A	POLG
17	12895929	rs1044569	G	A	ELAC2
17	12895984	rs1044564	G	C	ELAC2
17	12897293	rs9915058	A	C	ELAC2
17	38128714	rs3859191	G	A	GSDMA
17	38129996	rs60137005	A	T	GSDMA
17	38131187	rs56030650	C	A	GSDMA
17	45000529	rs189899	G	C	GOSR2
17	45008570	rs197922	G	A	GOSR2
17	45008742	rs197923	G	C	GOSR2
18	2656248	rs2430853	G	C	SMCHD1
18	2705615	rs62084217	A	G	SMCHD1
18	2728686	rs10502304	T	A	SMCHD1
18	2729177	rs17627559	T	C	SMCHD1
18	2796679	rs62077723	C	T	SMCHD1
18	32418186	rs17557695	T	A	DTNA
18	32459704	rs2288085	A	G	DTNA
18	34232610	rs2848901	C	T	FHOD3
18	34297753	rs3809994	C	T	FHOD3
18	34298732	rs7240383	G	C	FHOD3
18	34310668	rs3744903	C	T	FHOD3
18	34324091	rs2303510	G	A	FHOD3
18	34324190	rs2303509	C	T	FHOD3
18	48142822	rs745822	T	G	MAPK4
18	48190440	rs3752087	G	A	MAPK4
18	48230896	rs7227230	C	T	MAPK4
18	50285549	rs2339422	A	G	DCC
18	50342842	rs1835713	A	G	DCC
18	50923932	rs7231978	G	T	DCC
18	77746623	rs8086024	T	C	TXNL4A
18	77748525	rs1077511	A	C	TXNL4A
19	17778832	rs7248783	A	G	UNC13A
19	17780602	rs8110254	C	T	UNC13A
19	17881171	rs12327667	G	A	FCHO1
19	17881552	rs3746197	C	T	FCHO1
19	17885270	rs2287859	A	G	FCHO1
19	17885325	rs2287857	A	C	FCHO1
19	17886940	rs2287854	G	A	FCHO1
19	17888787	rs4808690	G	A	FCHO1
19	41117624	rs2278246	T	C	LTBP4
19	41117869	rs1131620	A	G	LTBP4
19	41118056	rs1051303	A	G	LTBP4
19	41122671	rs10403963	C	T	LTBP4
19	41125159	rs7259237	A	G	LTBP4
19	41125177	rs7259554	G	C	LTBP4
20	33346047	rs959829	T	C	NCOA6
20	33370266	rs6060048	T	C	NCOA6
21	33949059	rs7520	G	A	TCP10L
21	33957411	rs66487517	C	T	TCP10L
21	44482936	rs1789953	C	T	CBS
21	44483773	rs1788466	G	A	CBS
21	47556793	rs12774	C	T	FTCD
21	47556809	rs1047209	C	T	FTCD
21	47676711	rs2839173	G	A	MCM3AP
21	47676934	rs2839174	T	C	MCM3AP